Ontology ID,IFSAC class,Bucket,,
FOODON_00003004,animal,animal,,
FOODON_00002452,animal,invertebrate animal,,needed because envo is missing its correct parents
FOODON_00001092,animal,vertebrate animal food product,,
FOODON_03411297,animal,vertebrate animal,,needed because envo is missing its correct parents
FOODON_00001176,animal,invertebrate animal food product,,
ENVO_02000047,animal feed,animal feed,,
FOODON_03309997,animal feed,food product for animal,,
GENEPIO_0001056,animal feed,pet treat,,
ENVO_02000055,animal feed,plant feed,,
ENVO_00003030,animal feed,silage,,
UBERON_0000022,animal feed,feather,,
FOODON_00002738,animal feed,meat and bone meal,,
GENEPIO_0001057,animal feed,pet food (raw),,
FOODON_00001046,aquatic animals,"seafood product 
",,
FOODON_03308493,aquatic animals;multi-ingredient,seafood salad (food product),,
FOODON_00001635,beans,bean food product,,
FOODON_00002400 ,beans,carob food product,,
FOODON_00001041,beef,beef food product,,
FOODON_00001134,beef,bovine meat food product,,
FOODON_03414374,beef,bovine,,
FOODON_03411457,chicken,chicken,,
FOODON_00001040,chicken,chicken meat food product,,
NCBITaxon_9031,chicken,gallus gallus,,
FOODON_03310946,chicken,chicken vegetable soup,,
FOODON_00001727,chicken;multi-ingredient,chicken salad food product,,
UBERON_0001988,clinical/research,feces,,
UBERON_0000178,clinical/research,blood,,
CHEBI_24431,clinical/research,chemical entity,,
CHEBI_33287,clinical/research,fertilizer,,
ENVO_00002003,clinical/research,fecal material,,
ENVO_02000019,clinical/research,bodily fluid material,,
ENVO_02000020,clinical/research,blood material,,
NCIT_C17627,clinical/research,Swab,,
UBERON_0000463,clinical/research,organism substance,,
UBERON_0000061,clinical/research,anatomical structure,,
UBERON_0000467,clinical/research,anatomical system,,
UBERON_0001062,clinical/research,anatomical entity,,
UBERON_0000060,clinical/research,anatomical wall,,
UBERON_0007651,clinical/research,anatomical junction,,
UBERON_0006314,clinical/research,bodily fluid,,
UBERON_0000174,clinical/research,excreta,,
mmo_0000344,clinical/research,necropsy,,
NCBITaxon_9615,companion animal,canis lupus familiaris,,
NCBITaxon_9685,companion animal,felis catus,,
FOODON_03414847,companion animal,dog,,
NCIT_C14191,companion animal,cat,,
NCBITaxon_9611,companion animal,canis,,
NCBITaxon_9913,cow,bos taurus,,
FOODON_00001678,cow,calf meat food product,,
FOODON_03414374,cow,bovine,,
FOODON_00001792,crustaceans,crustacean food product,,
FOODON_03411374,crustaceans,crustacean,,
FOODON_00001256,dairy,dairy food product,,
FOODON_00001800,dairy,dairy dessert food product,,
ENVO_00003862,dairy,dairy,,
UBERON_0001913,dairy,milk,,
FOODON_03312036,dairy;multi-ingredient,cheese sandwich,,
FOODON_03430154,dietary supplement,food supplement form,,
FOODON_03401298,dietary supplement,dietary supplement,,
FOODON_00001874,dietary supplement,food supplement food product,,
FOODON_00002895,dietary supplement,kratom,,
FOODON_00001809,dietary supplement,dietary or therapeutic formulation food product,,
FOODON_03303130,dietary supplement,infant formula,,
FOODON_03420194,eggs,egg or egg component,,
FOODON_00001274,eggs,egg food product,,
UBERON_0007378,eggs,egg yolk,,
FOODON_03307770,eggs;multi-ingredient,egg salad sandwich,,
FOODON_03304628,eggs;multi-ingredient,hen egg salad,,
FOODON_00002229 ,engineered seafood,seafood product analog,,
FOODON_00001854 ,engineered seafood,fish food product analog,,
GENEPIO_0001246,environmental,environment sample,,
ENVO_00002297,environmental,environmental feature,,
ENVO_00010483,environmental,environmental material,,
CHEBI_33287,environmental,fertilizer,,
GENEPIO_0001732,environmental,environmental (swab or sampling),,
ENVO_00003031,environmental,animal manure,,
ENVO_00002033,environmental,carcass,,
ENVO_01000254,environmental,environmental system,,
FOODON_03490100,environmental,food container or wrapping,,
ENVO_00000000,environmental,geographic feature,,
ENVO_00000191,environmental,solid astronomical body part,,
FOODON_03500010,environmental,food contact surface,,
ENVO_01000925,environmental-abattoir,abattoir,,
ENVO_00003040,environmental-animal housing,animal house,,
ENVO_01000536,environmental-factory/production facility,factory,,
ENVO_00000070,environmental-factory/production facility,construction,,
ENVO_01000924,environmental-factory/production facility,plumbing drain,,
ENVO_00000073 ,environmental-factory/production facility,building,,
ENVO_00000078,environmental-farm,farm,,
ENVO_00000294,environmental-farm,fish farm,,
ENVO_00000266,environmental-pasture,pasture,,
ENVO_00000469,environmental-research facility,research facility,,
ENVO_01000934,environmental-restaurant,restaurant,,
ENVO_00002221,environmental-retail,shop,,
ENVO_01000604,environmental-vehicle,vehicle,,
ENVO_00003963,environmental-warehouse,warehouse,,
CHEBI_15377,environmental-water,water,,
ENVO_01000685,environmental-water,water mass,,
ENVO_00002007,environmental-water,sediment,,
ENVO_00002006,environmental-water,liquid water,,
ENVO_00000063 ,environmental-water,water body,,
FOODON_03411222,fish,fish,,
FOODON_03306123,fish,fish oil,,
FOODON_00001248,fish,fish food product,,
NCBITaxon_7898,fish,actinopterygii,,
FOODON_00001250,fish,fish egg food product,fish;eggs,
NCBITaxon_119693,fish,caesio,,
FOODON_03307771,fish;multi-ingredient,tuna salad sandwich,,
FOODON_03308735,fish;multi-ingredient,tuna salad,,
FOODON_03316277,fish;multi-ingredient,fish salad (food product),,
FOODON_00002403 ,food,food material,,
FOODON_03411564,food,food source,,
CHEBI_33290,food,food,,
PO_0009001,fruits,fruit,,
FOODON_00001057,fruits,plant fruit food product,,
FOODON_00001140,fruits,fruit juice food product,,
FOODON_03411140,fruits,fruit-producing plant,,
FOODON_00001143,fungi,fungal food product,,
FOODON_03411261,fungi,fungus,,
NCBITaxon_4751,fungi,fungi,,
FOODON_03411301,fungi,algae,,
FOODON_00001184,fungi,algal food product,,
FOODON_00002477,game,game animal food product,,
FOODON_00001284,game,duck meat food product,,
FOODON_00002935,game;multi-ingredient,venison,,
FOODON_00001093,grains,cereal grain food product,,
FOODON_03411324,grains,grain plant,,
FOODON_03460229,herbs,"flavoring, spice or herb, natural",,
FOODON_03315081,herbs,tea food product,,
FOODON_00001242,herbs,spice or herb,,
FOODON_03411179,herbs,spice or flavor-producing plant,,
FOODON_00001958,human,human milk based food product,,
NCBITaxon_9606,human,homo sapiens,,
FOODON_00001006,meat,meat food product,,
UBERON_0002107,meat,liver,,
FOODON_03530040,meat,jowl trimmed,,
UBERON_0000310,meat,breast,,
FOODON_00002728,meat;multi-ingredient,kielbasa,,
FOODON_00001152,melon fruit,melon fruit food product,,
FOODON_00001291,mollusks (bi-valve),clam food product,,
FOODON_00001292,mollusks (bi-valve),oyster food product,,
FOODON_00002051,mollusks (bi-valve),mussel food product,,
FOODON_00002227,mollusks (bi-valve),scallop food product,,
FOODON_00001746,mollusks (bi-valve),cockle food product,,
FOODON_03412113,mollusks (bi-valve),bivalve,,
FOODON_03412111,mollusks (non-bi-valve),gastropod,,
FOODON_03412116,mollusks (non-bi-valve),cephalopod,,
FOODON_00001575,mollusks (non-bi-valve),abalone food product,,
FOODON_00002244,mollusks (non-bi-valve),snail food product,,
FOODON_00001707,mollusks (non-bi-valve),cephalopod food product,,
FOODON_03316989,mollusks (non-bi-valve),octopus food product,,
FOODON_03316042,multi-ingredient,salad,,
FOODON_00002114,multi-ingredient,pie food product,,
FOODON_00001180,multi-ingredient,prepared food product,,
CHEBI_60004,multi-ingredient,mixture,,
FOODON_00002501,multi-ingredient,multi-component food,,
FOODON_03315013,multi-ingredient,snack food,,
FOODON_03306648,multi-ingredient,curry (dish),,
FOODON_03304292,multi-ingredient,spice mixture,,
FOODON_00001931,multi-ingredient,gravy or sauce,,
FOODON_03303220,multi-ingredient,dessert food,,
FOODON_00002257,multi-ingredient,soup food product,,
FOODON_03302001,multi-ingredient,animal-derived food,,
FOODON_03310775,multi-ingredient,pizza food product,,
FOODON_03460173,multi-ingredient,food (salted),,
FOODON_00002644,multi-ingredient,food (filled),,
FOODON_00002733,multi-ingredient,food (seasoned),,
FOODON_00002661,multi-ingredient,food (breaded),,
FOODON_00001714,multi-ingredient,food component,,
FOODON_00001605,multi-ingredient,animal product sausage,,
FOODON_00001007,multi-ingredient,sausage food product,,
FOODON_00001888,multi-ingredient,fruit jelly food product,,
FOODON_00001226,multi-ingredient,fruit preserve or jam food product,,
FOODON_00001079,multi-ingredient,food (pickled),,
FOODON_00001873,multi-ingredient,food spread,,
FOODON_00001885,multi-ingredient,fruit butter food product,,
FOODON_00002373,multi-ingredient,food product by meal type,,
FOODON_03308735,multi-ingredient;fish,tuna salad (food product),,
FOODON_00001172,nuts,nut food product,,
FOODON_03411213,nuts,nut producing plant,,
FOODON_00001087,oils,vegetable oil food product,,
FOODON_03310387,oils,oil,,
FOODON_00001149,other (confectionery),confectionery food product,,??
FOODON_00001626,other (confectionery),bakery food product,,??
FOODON_00001917,other (confectionery);grains,grain based bakery food product,,
FOODON_00002286,other (confectionery);multi-ingredient,sugar based cacao food product,,
FOODON_00001857,other (flavoring or seasoning),food flavoring or seasoning product,,
FOODON_03412972,other (food additive),food additive,,
FOODON_03420108,other (sweetener),sugar,,
UBERON_0036016,other (sweetener),sugars,,
FOODON_00001178,other (sweetener),honey food product,,
UBERON_0036016,other (sweetener),honey,,
FOODON_00002300 ,other (sweetener),sweetener food product,,
FOODON_00002291 ,other (sweetener),sugar cane sweetener food product,,
FOODON_03304509 ,other (sweetener),imitation honey,,
FOODON_03302676,other (sweetener),imitation maple sweetener,,
FOODON_03304706,other (sweetener),imitation maple syrup,,
FOODON_03307555 ,other (sweetener),imitation sugar,,
FOODON_03315170,other (sweetener),sugar substitute,,
FOODON_00001618 ,other (sweetener),artificial sweetener food product,,
FOODON_03411500,other animal,deer family,,
FOODON_00002616,other animal,avian animal,avian,??
FOODON_00001251,other animal,avian food product,avian,??
FOODON_00002693,other animal,alpaca,other animal (alpaca),
FOODON_03411481,other animal,antelope,other animal (antelope),game
FOODON_03412406,other animal,bear,other animal (bear),
FOODON_03411325,other animal,beaver,other animal (beaver),game
FOODON_03412248,other animal,boar,other animal (boar),game
FOODON_03411476,other animal,buffalo,other animal (buffalo),game
FOODON_03412103,other animal,camel,other animal (camel),game
NCBITaxon_9922,other animal,capra,other animal (capra),
NCBITaxon_8728,other animal,crotalus,other animal (crotalus),
FOODON_03411583,other animal,deer,other animal (deer),game
FOODON_03413363,other animal,dolphin family,other animal (dolphin family),
FOODON_03411316,other animal,duck,other animal (duck),game
FOODON_03414163,other animal,eared seal family,other animal (eared seal family),
FOODON_03411292,other animal,elk,other animal (elk),game
FOODON_03411229,other animal,horse,other animal (equine),
NCBITaxon_9789,other animal,equus,other animal (equine),
FOODON_03414849,other animal,equine,other animal (equine),
NCBITaxon_9796,other animal,equus caballus,other animal (equine),
FOODON_00002717,other animal,fly,other animal (fly),
FOODON_03411328,other animal,goat,other animal (goat),
FOODON_03411251,other animal,grouse,other animal (grouse),game
FOODON_03413503,other animal,gull,other animal (gull),game
FOODON_03412695,other animal,hare,other animal (hare),
FOODON_03412092,other animal,kangaroo,other animal (kangaroo),game
FOODON_03411669,other animal,lamb,other animal (lamb),
FOODON_00002955,other animal,lemur,other animal (lemur),
NCBITaxon_9980,other animal,lepus,other animal (lepus),
FOODON_03412741,other animal,llama,other animal (llama),
FOODON_00002723,other animal,mink,other animal (mink),
FOODON_03411257,other animal,moose,other animal (moose),game
NCIT_C14238,other animal,mouse,other animal (mouse),
NCBITaxon_112137,other animal,musculus,other animal (mouse),
NCBITaxon_9655,other animal,mustelidae,other animal (mustelidae),
bto_0001762,other animal,neonate,other animal (neonate),
FOODON_00002997,wild animal,okapi,other animal (okapi),
FOODON_03411450,other animal,opossum,other animal (opossum),
FOODON_03411183,other animal,sheep,other animal (ovis aries),
NCBITaxon_9940,other animal,ovis aries,other animal (ovis aries),
FOODON_03411460,other animal,pheasant,other animal (pheasant),game
NCBITaxon_9443,other animal,primates,other animal (primates),
FOODON_03411346,other animal,quail,other animal (quail),game
FOODON_03411323,other animal,rabbit,other animal (rabbit),game
FOODON_03411461,other animal,raccoon,other animal (raccoon),
FOODON_03411509,other animal,reindeer,other animal (reindeer),game
NCBITaxon_8570,other animal,serpentes,other animal (snake),
FOODON_03411295,other animal,snake,other animal (snake),game
FOODON_03411389,other animal,squirrel,other animal (squirrel),game
FOODON_00002979,other animal,wild turkey,other animal (wild turkey),game
FOODON_03412097,other animal,zebra,other animal (zebra),
NCBITaxon_8496,other animal,alligator mississippiensis,,
NCBITaxon_9899,other animal,ammotragus lervia,,
NCBITaxon_9367,other animal,atelerix,,
NCBITaxon_8782,other animal,aves,,
NCBITaxon_124943,other animal,azadirachta indica,,
NCBITaxon_9904,other animal,bos gaurus,,
NCBITaxon_9906,other animal,bos javanicus,,
NCBITaxon_9909,other animal,bos primigenius,,
NCBITaxon_8852,other animal,branta,,
NCBITaxon_8853,other animal,branta canadensis,,
NCBITaxon_9835,other animal,camelidae,,
NCBITaxon_9836,other animal,camelus,,
NCBITaxon_9922,other animal,capra,,
NCBITaxon_9923,other animal,capra aegagrus,,
NCBITaxon_9925,other animal,capra hircus,,
NCBITaxon_9963,other animal,caprinae,,
NCBITaxon_10184,other animal,castor,,
NCBITaxon_10141,other animal,cavia porcellus,,
NCBITaxon_9850,other animal,cervidae,,
NCBITaxon_1574408,other animal,cervus canadensis,,
NCBITaxon_9863,other animal,cervus nippon,,
NCBITaxon_8475,other animal,chelydra serpentina,,
NCBITaxon_8859,other animal,chloephaga,,
NCBITaxon_60711,other animal,chlorocebus sabaeus,,
NCBITaxon_134415,other animal,cicada,,
NCBITaxon_9014,other animal,colinus virginianus,,
NCBITaxon_8930,other animal,columbidae,,
NCBITaxon_34814,other animal,coryphaena hippurus,,
NCBITaxon_9090,other animal,coturnix,,
NCBITaxon_8728,other animal,crotalus,,
NCBITaxon_59546,other animal,damaliscus lunatus jimela,,
NCBITaxon_37172,other animal,damaliscus pygargus phillipsi,,
NCBITaxon_9726,other animal,delphinidae,,
NCBITaxon_8790,other animal,dromaius novaehollandiae,,
NCBITaxon_176024,other animal,eclectus roratus,,
NCBITaxon_94231,fish,epinephelus,,
NCBITaxon_9789,other animal,equus,,
NCBITaxon_9793,other animal,equus asinus,,
NCBITaxon_9796,other animal,equus caballus,,
NCBITaxon_9791,other animal,equus zebra,,
NCBITaxon_30577,other animal,erinaceinae,,
NCBITaxon_forma,other animal,forma,,
NCBITaxon_9933,other animal,gazella,,
NCBITaxon_36310,other animal,gekko gecko,,
NCBITaxon_3311,plant,ginkgo biloba,,
NCBITaxon_4231,plant,helianthus,,
NCBITaxon_37184,other animal,hippotragus,,
NCBITaxon_37965,other animal,hybrid,,
NCBITaxon_7997,other animal,ictalurus,,
NCBITaxon_8515,mollusks (non-bi-valve),iguanidae,,
NCBITaxon_6627,mollusks (non-bi-valve),illex,,
NCBITaxon_84645,fish,labeo rohita,,
NCBITaxon_9844,other animal,lama glama,,
NCBITaxon_8910,other animal,laridae,,
NCBITaxon_9980,other animal,lepus,,
NCBITaxon_690715,other animal,leucophaeus pipixcan,,
NCBITaxon_1637,other animal,listeria,,
NCBITaxon_54600,other animal,macaca nigra,,
NCBITaxon_4329,plant,macadamia,,
NCBITaxon_9312,other animal,macropus,,
NCBITaxon_3750,pome fruit,malus domestica,,
NCBITaxon_6595,mollusks (bi-valve),mercenaria,,
NCBITaxon_8062,fish,merluccius,,
NCBITaxon_8190,fish,mugil,,
NCBITaxon_10090,other animal,mus musculus,,
NCBITaxon_7370,other animal,musca domestica,,
NCBITaxon_9668,other animal,mustela putorius,,
NCBITaxon_9655,other animal,mustelidae,,
NCBITaxon_51088,herb,myristica,,
NCBITaxon_75027,other animal,naso,,
NCBITaxon_452646,other animal,neovison vison,,American mink
NCBITaxon_9872,other animal,odocoileus hemionus,,Mule deer
NCBITaxon_9874,other animal,odocoileus virginianus,,white tailed deer
NCBITaxon_8019,fish,oncorhynchus kisutch,,
NCBITaxon_8022,fish,oncorhynchus mykiss,,
NCBITaxon_39174,herb,origanum,,
NCBITaxon_9986,other animal,oryctolagus cuniculus,,European rabbit
NCBITaxon_9957,other animal,oryx,,
NCBITaxon_9935,other animal,ovis,,
NCBITaxon_9940,other animal,ovis aries,,
NCBITaxon_1227137,fish,pachypterus atherinoides,,
NCBITaxon_8000,fish,pangasius,,
NCBITaxon_29064,other animal,panthera uncia,,snow leapard
NCBITaxon_35609,pig,pecari,,pig
NCBITaxon_9054,other animal,phasianus colchicus,,ring-necked pheasant
NCBITaxon_511552,herb,piper sanctum,,mexican pepperleaf
NCBITaxon_103695,wild animal,pogona vitticeps,,central bearded dragon
NCBITaxon_9443,other animal,primates,,primate
NCBITaxon_57247,other animal,psittacus erithacus,,grey parrot
NCBITaxon_9696,other animal,puma concolor,,cougar
NCBITaxon_27707,fish,puntius,,fish
NCBITaxon_37579,other animal,python,,python
NCBITaxon_34984,other animal,pythonidae,,python family
NCBITaxon_10114,other animal,rattus,,rat
NCBITaxon_8797,other animal,rhea americana,,greater rhea
NCBITaxon_3620,clinical/research,rheum,,nose fluid
NCBITaxon_9989,other animal,rodentia,,rodent
NCBITaxon_3764,vegetable row crops (flower),rosa,,rose
NCBITaxon_24966,vegetable row crops (flower),rubiaceae,,maddar
NCBITaxon_43328,other animal,rucervus duvaucelii,,barasingha
NCBITaxon_34874,other animal,saiga,,saiga antelope
NCBITaxon_590,other animal,salmonella,,rod-shaped Gram-negative bacteria
NCBITaxon_52904,fish,scophthalmus maximus,,
NCBITaxon_53922,vegetable row crops (flower),senna,,flowering plant
NCBITaxon_8570,other animal,serpentes,,snake
NCBITaxon_9774,other aquatic animals,sirenia,,sea cow
NCBITaxon_9240,other animal,spheniscus humboldti,,humboldt penguin
NCBITaxon_142480,other animal,sternotherus odoratus,,common musk turtle
NCBITaxon_30458,other animal,strigiformes,,owl
NCBITaxon_8801,other animal,struthio camelus,,common ostrich
NCBITaxon_9970,cow,syncerus caffer,,African buffalo
NCBITaxon_9351,other animal,tamandua mexicana,,Northern tamandua
NCBITaxon_373995,fish,tenualosa ilisha,,
NCBITaxon_8234,fish,thunnus,,
NCBITaxon_8235,fish,thunnus alalunga,,
NCBITaxon_365651,other animal,trachemys callirostris,,turtle
NCBITaxon_69298,other animal,tragelaphus spekii,,sitatunga (swamp-dwelling antelope)
NCBITaxon_9643,other animal,ursus americanus,,American black bear
NCBITaxon_51238,plant,vanilla,,
NCBITaxon_8556,other animal,varanus,,monitor lizard
NCBITaxon_30539,other animal,vicugna,,vicuna camelid
FOODON_03411343,other aquatic animals,whale,,
FOODON_03306461,other aquatic animals,seal meat (raw),,
FOODON_03411252,other aquatic animals,frog,,
FOODON_00002236,other meat,sheep meat food product,,
FOODON_00001952,other meat,horse meat food product,,
FOODON_03411253,other poultry,goose,other animal (goose),
FOODON_03411304,other poultry,pigeon,other animal (pigeon),
FOODON_03414362,other poultry,ratite,other animal (ratite),
FOODON_00001285,other poultry,goose meat food product,,
FOODON_03411136,pig,swine,,
NCBITaxon_9825,pig,sus scrofa domesticus,,
NCBITaxon_9823,pig,sus scrofa,,
NCBITaxon_9822,pig,sus,,
NCBITaxon_33090,plant,viridiplantae,,
FOODON_03411347,plant,plant,,
NCBITaxon_9903,plant,bos,,
FOODON_00001015,plant,plant food product,,
FOODON_00001253,plant,plant derived beverage,,
FOODON_00001158,pome fruit,pomaceous fruit food product,,
FOODON_00001038,pork,pork meat food product,,
FOODON_00001132,pork,swine food product,,
FOODON_03306503,pork;beef;multi-ingredient,bologna,,
FOODON_03317269,pork;beef;multi-ingredient,knockwurst,,
FOODON_03302012,pork;beef;multi-ingredient,frankfurter,,
FOODON_03307824,pork;dairy;multi-ingredient,ham and cheese sandwich,,
FOODON_03312067,pork;multi-ingredient,salami,,
FOODON_00002306,pork;multi-ingredient,swine sausage,,
FOODON_03311682,pork;multi-ingredient,mortadella,,
FOODON_03311003,pork;multi-ingredient,pepperoni,,
FOODON_00002911,pork;multi-ingredient,bratwurst,,
FOODON_03316070,pork;multi-ingredient,chorizo,,
FOODON_00002305,pork;multi-ingredient,swine sandwich,,
FOODON_00001131,poultry,poultry meat food product,,
FOODON_00001251,poultry,avian food product,,
FOODON_00001147,root/underground,plant root food product,,
FOODON_00002150,root/underground,plant root vegetable food product,,
FOODON_00002069,root/underground (bulbs),onion food product,,
FOODON_00001895,root/underground (bulbs),garlic food product,,
FOODON_00002310,root/underground (other),taro food product,,
FOODON_00001901,root/underground (other),ginger food product,,
PO_0025522,root/underground (roots),tuber,,
FOODON_00001687,root/underground (roots),carrot food product,,
FOODON_00001638,root/underground (roots),beet food product,,
FOODON_03317076,root/underground (roots),root vegetable product,,
PO_0025356,root/underground (tubers),bulb,,
FOODON_00001148,root/underground (tubers),potato food product,,
FOODON_00002368,root/underground (tubers),yam food product,,
FOODON_03411338,seeded vegetables (legumes),pea plant,,
FOODON_00001264,seeded vegetables (legumes),legume food product,,
FOODON_03411232,seeded vegetables (other),corn plant (maize plant),,
FOODON_00002064,seeded vegetables (other),okra vegetable food product,,
FOODON_00001765,seeded vegetables (other),corn (vegetable) food product,,
FOODON_00001164,seeded vegetables (solanaceous),tomato vegetable food product,,
FOODON_00002111,seeded vegetables (solanaceous),pepper vegetable food product,,
NCBITaxon_4071,seeded vegetables (solanaceous),capsicum,,
FOODON_00002271,seeded vegetables (vine-grown),squash vegetable food product,,
FOODON_03411208,seeded vegetables (vine-grown),squash plant,,
FOODON_00002448,seeded vegetables (vine-grown),zucchini food product,,
FOODON_00001795,seeded vegetables (vine-grown),cucumber vegetable food product,,
PO_0009010,seeds,seed,,
FOODON_03420155,seeds,seed (anatomical part),,
FOODON_00001173,seeds,plant seed food product,,
FOODON_00002264,seeds,soybean refined food product,,
FOODON_03411433,shellfish,shellfish,,
FOODON_00001640,small fruit,berry food product,,
FOODON_03303398,small fruit,"kiwifruit (whole, raw)",,
FOODON_00001584,sprouts,alfalfa vegetable food product,,
FOODON_00001670,sprouts,brussels sprout vegetable food product,,
FOODON_03420183,sprouts,sprout,,
FOODON_00002277,stone fruit,stone fruit food product,,
FOODON_03411539,stone fruit,stone fruit,,
FOODON_00001625,sub-tropical fruit,avocado vegetable food product,,
FOODON_00002071,sub-tropical fruit,orange food product,,
FOODON_00001929,sub-tropical fruit,grapefruit food product,,
FOODON_00001995,sub-tropical fruit,lemon food product,,
FOODON_03315108,sub-tropical fruit,tangerine,,
FOODON_00001990,sub-tropical fruit,kumquat food product,,
FOODON_00001803,sub-tropical fruit,date food product,,
FOODON_00001851,sub-tropical fruit,fig food product,,
FOODON_00002006,sub-tropical fruit,lychee food product,,
FOODON_03411447,sub-tropical fruit,persimmon plant,,
FOODON_03411162,sub-tropical fruit,pomegranate plant,,
FOODON_00001156,sub-tropical fruit,citrus fruit juice,,
FOODON_00002689,tropical fruit,tropical fruit food product,,
NCBITaxon_3649,tropical fruit,carica papaya,,
FOODON_03411236,turkey,turkey (bird),,
FOODON_00001286,turkey,turkey meat food product,,
NCBITaxon_9102,turkey,meleagris,,
NCBITaxon_9103,turkey,meleagris gallopavo,,
FOODON_03310573,turkey;multi-ingredient,turkey sandwich,,
FOODON_00002142,vegetable row crops,plant head vegetable food product,,
FOODON_00001666,vegetable row crops (flower),broccoli vegetable food product,,
FOODON_00002140,vegetable row crops (flower),plant floret vegetable food product,,
NCBITaxon_25641,vegetable row crops (flower),aloe,,
NCBITaxon_34199,vegetable row crops (flower),aloe vera,,
FOODON_00001998,vegetable row crops (leafy),lettuce vegetable food product,,
FOODON_03411566,vegetable row crops (leafy),leafy vegetable,,
FOODON_00002143,vegetable row crops (leafy),plant leaf vegetable food product,,
FOODON_00001175,vegetable row crops (stem),plant stem food product,,
FOODON_00001261,vegetables,vegetable food product,,
FOODON_03411579,vegetables,vegetable-producing plant,,
FOODON_03301444,vegetables,vegetable juice food product,,
FOODON_03411625,wild animal,reptile,,
FOODON_00002200,wild animal,amphibian or reptile food product,,
FOODON_03411624,wild animal,amphibian,,
NCBITaxon_9893,wild animal,girrafa,,
FOODON_00003316,wild animal,giraffe,,
FOODON_03309387,environmental,poultry carcass,,
ncit_c53471,clinical/research,isolate,,
UBERON_0000062 ,clinical/research,organ,,
bto_0001481,plant,plant,,
genepio_0002016,plant,plant product,,
genepio_0001727,meat;environmental,swab - meat (deprecated),,
foodon_03310971,pork;turkey,turkey ham,,
sep_00042,clinical/research,sample,,
ncit_c16960,human,patient,,
po_0025034,plant,leaf,,
obi_0600044,clinical/research,lavage,,
envo_02000043,clinical/research,biological product,,
foodon_00003260,chicken,chicken curry,,
FOODON_00002221,other (food additive),salt product,,
chebi_24866,other (food additive),salt,,
ifsac_0000002,animal,animal (IFSAC),,
ifsac_0000003,animal feed,animal feed (IFSAC),,
ifsac_0000004,aquatic animals,aquatic animals (IFSAC),,
ifsac_0000005,beans,beans (IFSAC),,
ifsac_0000006,beef,beef (IFSAC),,
ifsac_0000007,chicken,chicken (IFSAC),,
ifsac_0000008,clinical/research,clinical/research (IFSAC),,
ifsac_0000009,companion animal,companion animal (IFSAC),,
ifsac_0000010,confectionery,other (confectionery) (IFSAC),,
ifsac_0000011,cow,cow (IFSAC),,
ifsac_0000012,crustaceans,crustaceans (IFSAC),,
ifsac_0000013,dairy,dairy (IFSAC),,
ifsac_0000014,dietary supplement,dietary supplement (IFSAC),,
ifsac_0000015,eggs,eggs (IFSAC),,
ifsac_0000016,engineered seafood,engineered seafood (IFSAC),,
ifsac_0000017,environmental,environmental (IFSAC),,
ifsac_0000018,environmental-abattoir,environmental-abattoir (IFSAC),,
ifsac_0000019,environmental-animal housing,environmental-animal housing (IFSAC),,
ifsac_0000020,environmental-factory/production facility,environmental-factory/production facility (IFSAC),,
ifsac_0000021,environmental-farm,environmental-farm (IFSAC),,
ifsac_0000022,environmental-pasture,environmental-pasture (IFSAC),,
ifsac_0000023,environmental-research facility,environmental-research facility (IFSAC),,
ifsac_0000024,environmental-restaurant,environmental-restaurant (IFSAC),,
ifsac_0000025,environmental-retail,environmental-retail (IFSAC),,
ifsac_0000026,environmental-vehicle,environmental-vehicle (IFSAC),,
ifsac_0000027,environmental-warehouse,environmental-warehouse (IFSAC),,
ifsac_0000028,environmental-water,environmental-water (IFSAC),,
ifsac_0000029,fish,fish (IFSAC),,
ifsac_0000030,other (flavoring or seasoning),other (flavoring or seasoning) (IFSAC),,
ifsac_0000031,food,food (IFSAC),,
ifsac_0000032,fruits,fruits (IFSAC),,
ifsac_0000033,fungi,fungi (IFSAC),,
ifsac_0000034,game,game (IFSAC),,
ifsac_0000035,grains,grains (IFSAC),,
ifsac_0000036,herbs,herbs (IFSAC),,
ifsac_0000037,human,human (IFSAC),,
ifsac_0000038,meat,meat (IFSAC),,
ifsac_0000039,melon fruit,melon fruit (IFSAC),,
ifsac_0000040,mollusks (bi-valve),mollusks (bi-valve) (IFSAC),,
ifsac_0000041,mollusks (non-bi-valve),mollusks (non-bi-valve) (IFSAC),,
ifsac_0000042,multi-ingredient,multi-ingredient (IFSAC),,
ifsac_0000043,nuts,nuts (IFSAC),,
ifsac_0000044,oils,oils (IFSAC),,
ifsac_0000045,other (food additive),other (food additive) (IFSAC),,
ifsac_0000046,other (sweetener),other (sweetener) (IFSAC),,
ifsac_0000047,other animal,other animal (IFSAC),,
ifsac_0000048,other aquatic animals,other aquatic animals (IFSAC),,
ifsac_0000049,other meat,other meat (IFSAC),,
ifsac_0000050,other poultry,other poultry (IFSAC),,
ifsac_0000051,pig,pig (IFSAC),,
ifsac_0000052,plant,plant (IFSAC),,
ifsac_0000053,pome fruit,pome fruit (IFSAC),,
ifsac_0000054,pork,pork (IFSAC),,
ifsac_0000055,poultry,poultry (IFSAC),,
ifsac_0000056,root/underground,root/underground (IFSAC),,
ifsac_0000057,root/underground (bulbs),root/underground (bulbs) (IFSAC),,
ifsac_0000058,root/underground (other),root/underground (other) (IFSAC),,
ifsac_0000059,root/underground (roots),root/underground (roots) (IFSAC),,
ifsac_0000060,root/underground (tubers),root/underground (tubers) (IFSAC),,
ifsac_0000061,seeded vegetables (legumes),seeded vegetables (legumes) (IFSAC),,
ifsac_0000062,seeded vegetables (other),seeded vegetables (other) (IFSAC),,
ifsac_0000063,seeded vegetables (solanaceous),seeded vegetables (solanaceous) (IFSAC),,
ifsac_0000064,seeded vegetables (vine-grown),seeded vegetables (vine-grown) (IFSAC),,
ifsac_0000065,seeds,seeds (IFSAC),,
ifsac_0000066,shellfish,shellfish (IFSAC),,
ifsac_0000067,small fruit,small fruit (IFSAC),,
ifsac_0000068,sprouts,sprouts (IFSAC),,
ifsac_0000069,stone fruit,stone fruit (IFSAC),,
ifsac_0000070,sub-tropical fruit,sub-tropical fruit (IFSAC),,
ifsac_0000071,tropical fruit,tropical fruit (IFSAC),,
ifsac_0000072,turkey,turkey (IFSAC),,
ifsac_0000073,vegetable row crops,vegetable row crops (IFSAC),,
ifsac_0000074,vegetable row crops (flower),vegetable row crops (flower) (IFSAC),,
ifsac_0000075,vegetable row crops (leafy),vegetable row crops (leafy) (IFSAC),,
ifsac_0000076,vegetable row crops (stem),vegetable row crops (stem) (IFSAC),,
ifsac_0000077,vegetables,vegetables (IFSAC),,
ifsac_0000078,wild animal,wild animal (IFSAC),,
